id,first_name,last_name,personal_email,gender,birth_date
1,Don,Lackinton,dlackinton0@aboutads.info,Male,12/9/1976
2,Trevor,Crickett,tcrickett1@canalblog.com,Male,1/25/1968
3,Ellery,Guile,eguile2@fda.gov,Male,1/28/1972
4,Trumaine,Rameau,trameau3@so-net.ne.jp,Male,6/26/1960
5,Deni,FitzAlan,dfitzalan4@weather.com,Female,10/20/1970
6,Victoria,Moutray Read,vmoutrayread5@comsenz.com,Female,2/10/1971
7,Stace,Scullion,sscullion6@deviantart.com,Female,5/12/1990
8,Korry,Feakins,kfeakins7@mtv.com,Female,2/28/1961
9,Abbie,Showl,ashowl8@dropbox.com,Female,1/30/1966
10,Bourke,Larn,blarn9@utexas.edu,Male,1/1/1996
11,Aluin,Hyam,ahyama@phpbb.com,Male,5/24/1965
12,Patten,Mattys,pmattysb@blog.com,Male,5/22/1978
13,Tobe,Saunter,tsaunterc@arizona.edu,Male,8/30/1996
14,Hoyt,Greatorex,hgreatorexd@i2i.jp,Male,9/14/1999
15,Whitaker,McArd,wmcarde@forbes.com,Male,11/13/1980
16,Ardith,Blythin,ablythinf@microsoft.com,Female,7/13/1969
17,Ailsun,Tuer,atuerg@multiply.com,Female,8/10/1960
18,Cristy,Friday,cfridayh@bluehost.com,Female,2/9/1987
19,Doll,Puckey,dpuckeyi@amazon.com,Female,3/2/1963
20,Silvan,Cadd,scaddj@github.io,Male,11/28/1977
21,Demetria,Ledgley,dledgleyk@boston.com,Female,9/22/1974
22,Bink,Bondar,bbondarl@123-reg.co.uk,Male,4/10/1971
23,Merrel,Weinham,mweinhamm@live.com,Male,7/13/1980
24,Pacorro,Clitheroe,pclitheroen@ezinearticles.com,Male,3/31/1987
25,Mureil,McKerley,mmckerleyo@globo.com,Female,7/6/1993
26,Erek,Elgey,eelgeyp@trellian.com,Male,10/22/1975
27,Noach,Billie,nbillieq@dailymail.co.uk,Male,12/5/1984
28,Stanislaus,Keig,skeigr@yale.edu,Male,3/8/1990
29,Martelle,Breeder,mbreeders@toplist.cz,Female,5/2/1971
30,Ansel,Pes,apest@xing.com,Polygender,12/16/1996
31,Jethro,Ruggs,jruggsu@live.com,Male,8/15/1976
32,Dione,Size,dsizev@ycombinator.com,Female,11/21/1980
33,Randi,Vignaux,rvignauxw@sphinn.com,Male,2/23/1965
34,Delores,Hof,dhofx@pinterest.com,Female,6/21/1976
35,Kaylyn,Buncom,kbuncomy@prnewswire.com,Female,1/13/1993
36,Kristopher,Fuidge,kfuidgez@deviantart.com,Male,1/3/1993
37,Ingram,Crumb,icrumb10@toplist.cz,Male,7/10/1970
38,Dell,Packer,dpacker11@taobao.com,Female,6/10/1968
39,Rosa,Lissemore,rlissemore12@washington.edu,Female,8/3/1997
40,Jan,Ratt,jratt13@infoseek.co.jp,Genderfluid,10/8/1973
41,Chen,Proudlove,cproudlove14@digg.com,Male,8/9/1966
42,Hillary,Coultas,hcoultas15@tiny.cc,Male,8/22/1997
43,Ignacius,Klimaszewski,iklimaszewski16@time.com,Male,3/24/1984
44,Alisun,Ruselin,aruselin17@ibm.com,Female,11/5/1978
45,Wendel,Lindenman,wlindenman18@go.com,Male,1/9/1977
46,Vachel,Wynch,vwynch19@dmoz.org,Male,11/15/1975
47,Rianon,Bolter,rbolter1a@hp.com,Female,8/20/1969
48,Rhianon,Baillie,rbaillie1b@hubpages.com,Female,2/5/1984
49,Ree,Chessill,rchessill1c@rediff.com,Female,1/19/1962
50,Esdras,Slym,eslym1d@squarespace.com,Male,2/14/1999
51,Aura,Joules,ajoules1e@about.com,Female,4/23/1976
52,Meredith,Moret,mmoret1f@nps.gov,Male,2/20/1980
53,Raviv,Sommerled,rsommerled1g@ask.com,Male,10/23/1963
54,Stephana,Konzel,skonzel1h@mysql.com,Female,9/4/1984
55,Valeda,Bottrell,vbottrell1i@1688.com,Female,9/8/1983
56,Kendra,Kaines,kkaines1j@bandcamp.com,Female,4/17/1970
57,Elijah,Ganford,eganford1k@sogou.com,Male,11/2/1991
58,Merna,Clacey,mclacey1l@163.com,Female,5/2/1999
59,Kellby,Grishanin,kgrishanin1m@prweb.com,Male,5/30/1995
60,Josie,Kelston,jkelston1n@wordpress.com,Female,11/9/1971
61,Loni,Cawthorne,lcawthorne1o@seesaa.net,Female,7/2/1975
62,Nannette,Musterd,nmusterd1p@blinklist.com,Female,9/19/1962
63,Percy,Bilbery,pbilbery1q@twitter.com,Male,10/20/1967
64,Ossie,Murrells,omurrells1r@ca.gov,Bigender,2/28/1973
65,Orv,Mouatt,omouatt1s@phpbb.com,Male,5/6/1968
66,Valentin,Haensel,vhaensel1t@youku.com,Male,10/14/1973
67,Dinah,Maymond,dmaymond1u@printfriendly.com,Female,9/8/1983
68,Gran,Drohun,gdrohun1v@webeden.co.uk,Male,6/26/1976
69,Cary,De Few,cdefew1w@state.gov,Male,9/2/1984
70,Del,Tarplee,dtarplee1x@example.com,Male,11/25/1989
71,Kris,Mabbott,kmabbott1y@usa.gov,Female,6/17/1963
72,Tomkin,Steinhammer,tsteinhammer1z@shinystat.com,Male,10/26/1974
73,Gherardo,Penman,gpenman20@nih.gov,Male,6/9/1985
74,Lon,Nickels,lnickels21@amazon.co.uk,Male,12/3/1960
75,Montague,Hawler,mhawler22@ucla.edu,Male,2/18/1997
76,Abelard,Arnison,aarnison23@facebook.com,Male,4/25/1962
77,Esmaria,Moulden,emoulden24@hostgator.com,Female,2/14/1960
78,Sheridan,Yaneev,syaneev25@instagram.com,Male,1/12/1968
79,Lexy,Voce,lvoce26@chronoengine.com,Female,3/15/1996
80,Auroora,Turk,aturk27@istockphoto.com,Female,11/9/1994
81,Heidie,Rogerot,hrogerot28@sciencedirect.com,Female,4/4/1990
82,Whitney,Verity,wverity29@sciencedirect.com,Male,6/30/1963
83,Ula,Ceyssen,uceyssen2a@macromedia.com,Female,7/27/1966
84,Barbe,Whipp,bwhipp2b@newyorker.com,Female,7/1/1977
85,Gifford,Rosbottom,grosbottom2c@ucoz.ru,Male,9/26/1975
86,Alexia,Shawell,ashawell2d@narod.ru,Female,12/16/1983
87,Byrle,Dorow,bdorow2e@spotify.com,Male,2/1/1992
88,Carissa,Swaffield,cswaffield2f@tinypic.com,Female,9/21/1968
89,Anthea,Milverton,amilverton2g@ft.com,Female,6/8/1992
90,Hansiain,Brayn,hbrayn2h@ameblo.jp,Male,4/29/1997
91,Bryce,Clampett,bclampett2i@last.fm,Male,4/13/1967
92,Gibbie,McKie,gmckie2j@sourceforge.net,Male,12/20/1971
93,William,Ferrao,wferrao2k@phoca.cz,Male,5/13/1976
94,Wilburt,Warkup,wwarkup2l@devhub.com,Male,11/6/1990
95,Cristian,Kem,ckem2m@spiegel.de,Agender,1/31/1991
96,Lancelot,MacRannell,lmacrannell2n@vkontakte.ru,Polygender,12/15/1994
97,Sela,Renals,srenals2o@wp.com,Female,6/17/1965
98,Adrian,Fabry,afabry2p@cisco.com,Male,8/4/1964
99,Sula,Habgood,shabgood2q@github.io,Female,9/17/1964
100,Virgie,Fairebrother,vfairebrother2r@aboutads.info,Female,10/6/1977
